{"stats":{"minecraft:mined":{"minecraft:allium":1,"regions_unexplored:peat_grass_block":1,"minecraft:chest":3,"treechop:chopped_log":1,"regions_unexplored:larch_leaves":3,"minecraft:grass":4,"minecraft:stone":14,"minecraft:oak_leaves":1},"minecraft:used":{"minecraft:stone_sword":10,"minecraft:stone_pickaxe":5,"minecraft:chest":3,"minecraft:wooden_pickaxe":9,"spellbladenext:arcane_blade":1,"minecraft:crafting_table":3,"simplyswords:flamewind":32,"minecraft:wooden_axe":10,"minecraft:bread":16,"minecraft:stone_axe":8,"travelersbackpack:standard":1,"minecraft:goat_horn":1,"comforts:sleeping_bag_white":3,"minecraft:experience_bottle":1},"minecraft:killed_by":{"minecraft:vindicator":2,"minecraft:player":1},"minecraft:crafted":{"minecraft:crafting_table":3,"minecraft:spruce_planks":116,"travelersbackpack:standard":1,"minecraft:wooden_pickaxe":1,"minecraft:stone_axe":1,"minecraft:stick":12,"minecraft:stone_pickaxe":1,"minecraft:wooden_axe":1,"minecraft:chest":4},"minecraft:dropped":{"minecraft:sugar_cane":6,"minecraft:wheat_seeds":4,"minecraft:cobblestone":9,"minecraft:salmon":1,"minecraft:coal":3,"minecraft:cod":1,"minecraft:stick":4,"archon:gust_tome":1,"minecraft:allium":3,"minecraft:chest":2,"minecraft:map":7,"minecraft:gold_nugget":1,"comforts:sleeping_bag_white":1,"frostiful:frost_tipped_arrow":1,"fishofthieves:wildsplash":2,"minecraft:paper":42,"minecraft:string":1,"fishofthieves:ancientscale":2,"twigs:twig":26,"minecraft:spruce_sapling":28,"minecraft:redstone":2},"minecraft:picked_up":{"minecraft:allium":4,"beachparty:rubber_ring_axolotl":1,"minecraft:salmon":2,"minecraft:leather":8,"minecraft:map":7,"minecraft:string":1,"archon:gust_tome":1,"minecraft:paper":28,"fishofthieves:wildsplash":2,"minecraft:white_banner":2,"minecraft:iron_axe":1,"minecraft:bone":2,"travelersbackpack:backpack_tank":2,"frostiful:frost_tipped_arrow":4,"minecraft:apple":1,"minecraft:wheat_seeds":7,"minecraft:gold_nugget":3,"comforts:sleeping_bag_white":6,"minecraft:spruce_planks":32,"minecraft:beef":4,"twigs:twig":52,"minecraft:sugar_cane":6,"minecraft:chest":3,"minecraft:egg":1,"ironchests:blank_chest_upgrade":1,"fishofthieves:ancientscale":3,"minecraft:spruce_sapling":42,"minecraft:spruce_log":18,"minecraft:redstone":2,"minecraft:arrow":7,"minecraft:rotten_flesh":3,"artifacts:villager_hat":1,"minecraft:crossbow":1,"minecraft:gold_ingot":1,"minecraft:emerald":2,"bewitchment:ectoplasm":2,"minecraft:mutton":2,"minecraft:white_wool":2,"minecraft:cobblestone":15},"minecraft:custom":{"lootr:looted_stat":46,"minecraft:mob_kills":19,"minecraft:interact_with_crafting_table":18,"minecraft:leave_game":1,"minecraft:time_since_death":4706,"minecraft:sleep_in_bed":4,"minecraft:climb_one_cm":1776,"minecraft:hex":0,"minecraft:time_since_rest":4751,"minecraft:sprint_one_cm":431871,"minecraft:damage_taken":1645,"minecraft:walk_one_cm":195163,"minecraft:drop":32,"minecraft:damage_dealt":2473,"minecraft:swim_one_cm":1108,"minecraft:talked_to_villager":1,"minecraft:fly_one_cm":94535,"minecraft:player_kills":2,"minecraft:open_chest":10,"minecraft:play_time":93098,"minecraft:deaths":3,"minecraft:sneak_time":1,"minecraft:walk_under_water_one_cm":2766,"minecraft:jump":646,"minecraft:walk_on_water_one_cm":56923,"minecraft:threat":6,"minecraft:total_world_time":93098,"minecraft:fall_one_cm":12455},"minecraft:killed":{"graveyard:revenant":1,"minecraft:spider":1,"bewitchment:ghost":1,"creeperoverhaul:snowy_creeper":1,"minecraft:sheep":1,"minecraft:pillager":3,"mythicmobs:chupacabra":1,"minecraft:player":2,"minecraft:cow":1}},"DataVersion":3465}