{"stats":{"minecraft:used":{"minecraft:bread":3,"simplyswords:flamewind":5},"minecraft:picked_up":{"beachparty:rubber_ring_axolotl":1,"artifacts:villager_hat":1,"bewitchment:ectoplasm":1,"minecraft:mutton":2,"minecraft:white_wool":1},"minecraft:custom":{"minecraft:time_since_rest":793,"minecraft:play_time":15248,"lootr:looted_stat":35,"minecraft:sprint_one_cm":47939,"minecraft:walk_one_cm":55126,"minecraft:mob_kills":2,"minecraft:jump":64,"minecraft:damage_dealt":280,"minecraft:time_since_death":15248,"minecraft:walk_on_water_one_cm":69,"minecraft:sleep_in_bed":1,"minecraft:threat":1,"minecraft:total_world_time":15248,"minecraft:hex":0,"minecraft:talked_to_villager":1,"minecraft:interact_with_crafting_table":1,"minecraft:fall_one_cm":209,"minecraft:fly_one_cm":4953,"minecraft:player_kills":1},"minecraft:killed":{"minecraft:sheep":1,"minecraft:player":1,"bewitchment:ghost":1}},"DataVersion":3465}