{"stats":{"minecraft:mined":{"minecraft:allium":1,"regions_unexplored:peat_grass_block":1,"minecraft:chest":3,"treechop:chopped_log":1,"regions_unexplored:larch_leaves":1,"minecraft:grass":4,"minecraft:stone":14,"minecraft:oak_leaves":1},"minecraft:used":{"minecraft:stone_sword":10,"minecraft:stone_pickaxe":5,"minecraft:chest":3,"minecraft:wooden_pickaxe":9,"minecraft:crafting_table":3,"simplyswords:flamewind":18,"minecraft:wooden_axe":10,"minecraft:bread":16,"minecraft:stone_axe":8,"travelersbackpack:standard":1,"minecraft:goat_horn":1,"comforts:sleeping_bag_white":3,"minecraft:experience_bottle":1},"minecraft:crafted":{"minecraft:crafting_table":3,"minecraft:spruce_planks":116,"travelersbackpack:standard":1,"minecraft:wooden_pickaxe":1,"minecraft:stone_axe":1,"minecraft:stick":12,"minecraft:stone_pickaxe":1,"minecraft:wooden_axe":1,"minecraft:chest":4},"minecraft:dropped":{"minecraft:sugar_cane":6,"minecraft:wheat_seeds":4,"minecraft:cobblestone":9,"minecraft:salmon":1,"minecraft:coal":3,"minecraft:cod":1,"minecraft:stick":4,"archon:gust_tome":1,"minecraft:allium":3,"minecraft:chest":2,"minecraft:map":7,"minecraft:gold_nugget":1,"comforts:sleeping_bag_white":1,"frostiful:frost_tipped_arrow":1,"fishofthieves:wildsplash":2,"minecraft:paper":42,"minecraft:string":1,"fishofthieves:ancientscale":2,"twigs:twig":26,"minecraft:spruce_sapling":28,"minecraft:redstone":2},"minecraft:picked_up":{"minecraft:allium":4,"beachparty:rubber_ring_axolotl":1,"minecraft:salmon":2,"minecraft:leather":8,"minecraft:map":7,"minecraft:string":1,"archon:gust_tome":1,"minecraft:paper":28,"fishofthieves:wildsplash":2,"minecraft:white_banner":2,"minecraft:bone":2,"travelersbackpack:backpack_tank":2,"frostiful:frost_tipped_arrow":4,"minecraft:apple":1,"minecraft:wheat_seeds":6,"minecraft:gold_nugget":3,"comforts:sleeping_bag_white":6,"minecraft:spruce_planks":32,"minecraft:beef":4,"twigs:twig":52,"minecraft:sugar_cane":6,"minecraft:chest":3,"ironchests:blank_chest_upgrade":1,"fishofthieves:ancientscale":3,"minecraft:spruce_sapling":42,"minecraft:spruce_log":18,"minecraft:redstone":2,"minecraft:arrow":6,"minecraft:rotten_flesh":1,"artifacts:villager_hat":1,"minecraft:crossbow":1,"minecraft:gold_ingot":1,"minecraft:emerald":2,"bewitchment:ectoplasm":2,"minecraft:mutton":2,"minecraft:white_wool":2,"minecraft:cobblestone":15},"minecraft:custom":{"lootr:looted_stat":43,"minecraft:mob_kills":16,"minecraft:interact_with_crafting_table":18,"minecraft:leave_game":1,"minecraft:time_since_death":69098,"minecraft:sleep_in_bed":4,"minecraft:climb_one_cm":1776,"minecraft:hex":0,"minecraft:time_since_rest":7955,"minecraft:sprint_one_cm":298462,"minecraft:damage_taken":555,"minecraft:walk_one_cm":147930,"minecraft:drop":32,"minecraft:damage_dealt":1712,"minecraft:talked_to_villager":1,"minecraft:fly_one_cm":58899,"minecraft:player_kills":1,"minecraft:open_chest":9,"minecraft:play_time":69098,"minecraft:sneak_time":1,"minecraft:walk_under_water_one_cm":1341,"minecraft:jump":435,"minecraft:walk_on_water_one_cm":7625,"minecraft:threat":3,"minecraft:total_world_time":69098,"minecraft:fall_one_cm":8193},"minecraft:killed":{"minecraft:spider":1,"bewitchment:ghost":1,"creeperoverhaul:snowy_creeper":1,"minecraft:sheep":1,"minecraft:pillager":2,"mythicmobs:chupacabra":1,"minecraft:player":1,"minecraft:cow":1}},"DataVersion":3465}