{"stats":{"minecraft:mined":{"treechop:chopped_log":1,"regions_unexplored:larch_leaves":1,"minecraft:grass":1,"regions_unexplored:peat_grass_block":1,"minecraft:stone":14,"minecraft:oak_leaves":1},"minecraft:used":{"minecraft:wooden_axe":10,"minecraft:stone_sword":6,"minecraft:bread":7,"minecraft:stone_pickaxe":5,"minecraft:wooden_pickaxe":9,"minecraft:crafting_table":2,"comforts:sleeping_bag_white":1,"simplyswords:flamewind":5},"minecraft:dropped":{"comforts:sleeping_bag_white":1,"fishofthieves:wildsplash":1,"minecraft:paper":42,"minecraft:coal":3,"minecraft:cod":1,"minecraft:stick":4},"minecraft:crafted":{"minecraft:crafting_table":2,"minecraft:spruce_planks":116,"minecraft:stick":12,"minecraft:wooden_pickaxe":1,"minecraft:stone_pickaxe":1,"minecraft:wooden_axe":1,"minecraft:chest":1,"minecraft:stone_axe":1},"minecraft:picked_up":{"beachparty:rubber_ring_axolotl":1,"minecraft:leather":4,"minecraft:spruce_sapling":14,"minecraft:spruce_log":18,"archon:gust_tome":1,"fishofthieves:wildsplash":1,"minecraft:paper":28,"minecraft:bone":2,"frostiful:frost_tipped_arrow":1,"minecraft:apple":1,"artifacts:villager_hat":1,"comforts:sleeping_bag_white":4,"minecraft:beef":4,"minecraft:crossbow":1,"bewitchment:ectoplasm":1,"twigs:twig":13,"minecraft:mutton":2,"minecraft:white_wool":2,"minecraft:cobblestone":15},"minecraft:custom":{"minecraft:time_since_rest":10217,"minecraft:sprint_one_cm":202881,"lootr:looted_stat":38,"minecraft:damage_taken":134,"minecraft:walk_one_cm":108964,"minecraft:mob_kills":5,"minecraft:drop":8,"minecraft:damage_dealt":468,"minecraft:interact_with_crafting_table":9,"minecraft:talked_to_villager":1,"minecraft:fly_one_cm":36895,"minecraft:player_kills":1,"minecraft:play_time":39248,"minecraft:sneak_time":1,"minecraft:walk_under_water_one_cm":1236,"minecraft:jump":325,"minecraft:walk_on_water_one_cm":6849,"minecraft:time_since_death":39248,"minecraft:threat":2,"minecraft:sleep_in_bed":2,"minecraft:total_world_time":39248,"minecraft:hex":0,"minecraft:fall_one_cm":4934},"minecraft:killed":{"creeperoverhaul:snowy_creeper":1,"minecraft:sheep":1,"minecraft:player":1,"bewitchment:ghost":1,"minecraft:cow":1}},"DataVersion":3465}