{"stats":{"minecraft:mined":{"treechop:chopped_log":1,"regions_unexplored:larch_leaves":1,"regions_unexplored:peat_grass_block":1,"minecraft:stone":14,"minecraft:oak_leaves":1},"minecraft:used":{"minecraft:wooden_axe":10,"minecraft:bread":5,"minecraft:stone_pickaxe":5,"minecraft:wooden_pickaxe":9,"minecraft:crafting_table":1,"simplyswords:flamewind":5},"minecraft:crafted":{"minecraft:crafting_table":1,"minecraft:spruce_planks":116,"minecraft:stick":12,"minecraft:wooden_pickaxe":1,"minecraft:stone_pickaxe":1,"minecraft:wooden_axe":1,"minecraft:stone_axe":1},"minecraft:picked_up":{"beachparty:rubber_ring_axolotl":1,"minecraft:spruce_sapling":14,"minecraft:spruce_log":18,"minecraft:bone":2,"frostiful:frost_tipped_arrow":1,"minecraft:apple":1,"artifacts:villager_hat":1,"bewitchment:ectoplasm":1,"twigs:twig":13,"minecraft:mutton":2,"minecraft:white_wool":2,"minecraft:cobblestone":15},"minecraft:custom":{"minecraft:time_since_rest":12793,"minecraft:sprint_one_cm":140631,"lootr:looted_stat":35,"minecraft:damage_taken":82,"minecraft:walk_one_cm":87153,"minecraft:mob_kills":3,"minecraft:damage_dealt":295,"minecraft:interact_with_crafting_table":5,"minecraft:talked_to_villager":1,"minecraft:fly_one_cm":24393,"minecraft:player_kills":1,"minecraft:play_time":27248,"minecraft:sneak_time":1,"minecraft:walk_under_water_one_cm":1236,"minecraft:jump":242,"minecraft:walk_on_water_one_cm":5298,"minecraft:time_since_death":27248,"minecraft:threat":2,"minecraft:sleep_in_bed":1,"minecraft:total_world_time":27248,"minecraft:hex":0,"minecraft:fall_one_cm":3504},"minecraft:killed":{"creeperoverhaul:snowy_creeper":1,"minecraft:sheep":1,"minecraft:player":1,"bewitchment:ghost":1}},"DataVersion":3465}