{"stats":{"minecraft:mined":{"treechop:chopped_log":1,"regions_unexplored:larch_leaves":1,"minecraft:grass":4,"minecraft:allium":1,"regions_unexplored:peat_grass_block":1,"minecraft:chest":3,"minecraft:oak_leaves":1,"minecraft:stone":14},"minecraft:used":{"minecraft:wooden_axe":10,"minecraft:stone_sword":10,"minecraft:bread":10,"minecraft:stone_pickaxe":5,"minecraft:chest":3,"minecraft:wooden_pickaxe":9,"minecraft:stone_axe":3,"comforts:sleeping_bag_white":2,"minecraft:crafting_table":2,"simplyswords:flamewind":5},"minecraft:crafted":{"minecraft:crafting_table":2,"minecraft:spruce_planks":116,"minecraft:stick":12,"minecraft:wooden_pickaxe":1,"minecraft:stone_pickaxe":1,"minecraft:wooden_axe":1,"minecraft:chest":3,"minecraft:stone_axe":1},"minecraft:dropped":{"minecraft:sugar_cane":2,"minecraft:wheat_seeds":2,"minecraft:allium":2,"comforts:sleeping_bag_white":1,"minecraft:paper":42,"fishofthieves:wildsplash":1,"minecraft:spruce_sapling":14,"minecraft:coal":3,"fishofthieves:ancientscale":1,"twigs:twig":13,"minecraft:stick":4,"minecraft:cod":1,"minecraft:redstone":2},"minecraft:picked_up":{"minecraft:allium":3,"beachparty:rubber_ring_axolotl":1,"minecraft:salmon":2,"minecraft:leather":8,"fishofthieves:ancientscale":2,"minecraft:spruce_sapling":28,"minecraft:spruce_log":18,"minecraft:redstone":2,"fishofthieves:wildsplash":2,"minecraft:paper":28,"archon:gust_tome":1,"minecraft:bone":2,"frostiful:frost_tipped_arrow":3,"minecraft:apple":1,"artifacts:villager_hat":1,"minecraft:wheat_seeds":4,"minecraft:gold_nugget":2,"comforts:sleeping_bag_white":5,"minecraft:crossbow":1,"minecraft:beef":4,"minecraft:chest":3,"bewitchment:ectoplasm":2,"twigs:twig":39,"minecraft:sugar_cane":2,"minecraft:mutton":2,"minecraft:white_wool":2,"minecraft:cobblestone":15},"minecraft:custom":{"minecraft:time_since_rest":6615,"lootr:looted_stat":38,"minecraft:sprint_one_cm":203863,"minecraft:damage_taken":231,"minecraft:walk_one_cm":117791,"minecraft:mob_kills":8,"minecraft:drop":16,"minecraft:damage_dealt":605,"minecraft:interact_with_crafting_table":17,"minecraft:player_kills":1,"minecraft:fly_one_cm":37269,"minecraft:talked_to_villager":1,"minecraft:open_chest":9,"minecraft:play_time":51098,"minecraft:sneak_time":1,"minecraft:walk_under_water_one_cm":1236,"minecraft:leave_game":1,"minecraft:time_since_death":51098,"minecraft:jump":326,"minecraft:fall_one_cm":4934,"minecraft:hex":0,"minecraft:total_world_time":51098,"minecraft:threat":2,"minecraft:walk_on_water_one_cm":6849,"minecraft:sleep_in_bed":3},"minecraft:killed":{"creeperoverhaul:snowy_creeper":1,"minecraft:sheep":1,"minecraft:player":1,"bewitchment:ghost":1,"minecraft:cow":1}},"DataVersion":3465}