{"stats":{"minecraft:mined":{"minecraft:dark_oak_planks":1,"regions_unexplored:golden_larch_leaves":3,"minecraft:spruce_planks":2,"croptopia:orange_crop":1,"minecraft:cobbled_deepslate_stairs":3,"minecraft:mossy_stone_brick_slab":1,"minecraft:spruce_trapdoor":1,"regions_unexplored:cattail":2,"minecraft:grass_block":3,"modern_industrialization:lignite_coal_ore":64,"regions_unexplored:maple_leaves":2,"rare-ice:rare_ice":1,"minecraft:spawner":5,"minecraft:hay_block":7,"minecraft:furnace":1,"minecraft:iron_ore":1,"minecraft:fire":2,"minecraft:barrel":1,"minecraft:andesite":3,"regions_unexplored:orange_maple_leaves":1,"minecraft:pumpkin":1,"treechop:chopped_log":2,"croptopia:peach_crop":3,"minecraft:iron_bars":2,"minecraft:potted_spruce_sapling":1,"minecraft:deepslate_brick_stairs":1,"regions_unexplored:medium_grass":1,"betterarcheology:loot_vase":1,"minecraft:stone":44,"regions_unexplored:silt_grass_block":2,"minecraft:spruce_slab":2,"minecraft:smithing_table":2,"minecraft:soul_fire":1,"minecraft:stone_brick_slab":1,"minecraft:crafting_table":4,"modern_industrialization:nickel_ore":2,"minecraft:tall_grass":2,"minecraft:copper_ore":13,"minecraft:cobblestone":2,"minecraft:coarse_dirt":2,"betterarcheology:fossiliferous_dirt":4,"minecraft:light_gray_wool":7,"minecraft:stone_brick_stairs":1,"minecraft:grass":3,"minecraft:coal_ore":74,"minecraft:oak_log":4,"minecraft:gravel":1,"minecraft:sand":27,"minecraft:dirt":1,"minecraft:cracked_stone_bricks":2,"minecraft:stone_bricks":3,"minecraft:oak_leaves":5},"minecraft:used":{"minecraft:stone_sword":9,"minecraft:spruce_slab":2,"minecraft:mossy_stone_brick_slab":1,"simplyswords:diamond_twinblade":631,"minecraft:torch":30,"minecraft:dirt":3,"minecraft:stone_brick_slab":1,"friendsandfoes:totem_of_illusion":1,"minecraft:iron_axe":22,"croptopia:peach":3,"regions_unexplored:larch_planks":27,"minecraft:furnace":3,"comforts:sleeping_bag_white":8,"comforts:sleeping_bag_light_gray":3,"minecraft:oak_planks":1,"minecraft:wooden_pickaxe":1,"minecraft:golden_apple":1,"minecraft:crafting_table":5,"croptopia:orange":1,"minecraft:apple":31,"minecraft:bread":70,"minecraft:iron_pickaxe":232,"regions_unexplored:larch_log":1,"minecraft:stone_axe":44,"minecraft:cobblestone":17,"travelersbackpack:standard":1,"minecraft:smithing_table":3},"minecraft:killed_by":{"minecraft:vindicator":1},"minecraft:crafted":{"minecraft:oak_planks":16,"comforts:sleeping_bag_white":4,"minecraft:furnace":2,"regions_unexplored:larch_planks":60,"travelersbackpack:blank_upgrade":4,"travelersbackpack:gold_tier_upgrade":1,"minecraft:glass":14,"minecraft:iron_axe":1,"travelersbackpack:gold":3,"minecraft:chest":2,"minecraft:wheat":63,"ironchests:copper_chest_upgrade":1,"travelersbackpack:iron_tier_upgrade":1,"minecraft:crafting_table":3,"travelersbackpack:backpack_tank":2,"minecraft:wooden_pickaxe":1,"travelersbackpack:standard":1,"minecraft:smithing_table":1,"minecraft:copper_ingot":31,"minecraft:stone_axe":1,"comforts:sleeping_bag_light_gray":2,"minecraft:air":0,"minecraft:bread":21,"minecraft:stick":24,"minecraft:iron_pickaxe":1,"minecraft:torch":68,"minecraft:shears":1},"minecraft:picked_up":{"endrem:magical_eye":1,"modern_industrialization:lignite_coal":82,"minecraft:crafting_table":4,"minecraft:chicken":1,"croptopia:peach":3,"minecraft:smithing_table":2,"minecraft:brown_mushroom":1,"friendsandfoes:totem_of_illusion":2,"techreborn:zinc_ingot":1,"regions_unexplored:silt_dirt":3,"minecraft:iron_axe":3,"simplyswords:diamond_twinblade":2,"minecraft:raw_copper":39,"minecraft:experience_bottle":1,"minecraft:cracked_stone_bricks":2,"comforts:sleeping_bag_white":8,"minecraft:spruce_planks":1,"minecraft:beef":32,"regions_unexplored:larch_log":54,"minecraft:light_gray_wool":6,"minecraft:iron_pickaxe":1,"minecraft:spruce_slab":2,"minecraft:spruce_trapdoor":2,"minecraft:furnace":1,"minecraft:spruce_pressure_plate":1,"minecraft:raw_iron":1,"minecraft:stick":3,"ironchests:blank_chest_upgrade":1,"minecraft:redstone":1,"minecraft:arrow":75,"minecraft:shears":1,"minecraft:hay_block":7,"archon:thunder_strike_tome":1,"minecraft:totem_of_undying":1,"minecraft:mutton":5,"minecraft:iron_bars":2,"minecraft:cobblestone":46,"minecraft:white_wool":19,"regions_unexplored:golden_larch_sapling":10,"archon:cloudshot_tome":1,"minecraft:feather":1,"minecraft:salmon":1,"minecraft:andesite":2,"minecraft:leather":15,"minecraft:red_mushroom":13,"fishofthieves:grubs":1,"minecraft:oak_log":4,"minecraft:paper":14,"minecraft:dirt":3,"archon:gust_tome":2,"lootr:trophy":1,"comforts:sleeping_bag_light_gray":4,"minecraft:bone":17,"travelersbackpack:backpack_tank":2,"minecraft:stone_bricks":1,"minecraft:wheat_seeds":1,"bewitchment:mandrake_seeds":1,"minecraft:iron_ingot":1,"ironchests:copper_chest_upgrade":3,"twigs:twig":10,"minecraft:iron_sword":1,"minecraft:pumpkin":1,"minecraft:stone_brick_slab":1,"minecraft:gravel":1,"minecraft:sand":27,"minecraft:spruce_sapling":2,"minecraft:barrel":1,"minecraft:mossy_stone_brick_slab":1,"regions_unexplored:cattail":1,"modern_industrialization:raw_nickel":2,"minecraft:diamond":1,"croptopia:orange":1,"frostiful:wolf_fur_tuft":2,"minecraft:spruce_sign":2,"minecraft:emerald":46,"minecraft:oak_sapling":4,"minecraft:coal":75},"minecraft:dropped":{"brewery:corn":1,"minecraft:iron_ingot":1,"minecraft:iron_sword":1,"minecraft:diamond":1,"regions_unexplored:larch_planks":1,"minecraft:crafting_table":1,"minecraft:iron_helmet":1,"minecraft:feather":1,"minecraft:cobblestone":10,"comforts:sleeping_bag_light_gray":2,"minecraft:leather":9,"minecraft:red_mushroom":13,"archon:gust_tome":2,"minecraft:pumpkin":1,"minecraft:sand":11,"minecraft:iron_axe":1,"minecraft:spruce_sapling":1,"minecraft:redstone":1,"minecraft:gravel":1,"minecraft:stone_axe":1,"archon:cloudshot_tome":1,"minecraft:experience_bottle":1,"minecraft:raw_iron":1,"minecraft:chicken":1,"simplyswords:diamond_twinblade":2,"minecraft:shears":1,"beachparty:rubber_ring_axolotl":1,"regions_unexplored:cattail":1,"bewitchment:mandrake_seeds":1,"minecraft:spruce_trapdoor":2,"minecraft:andesite":2,"minecraft:oak_sapling":4,"ironchests:copper_chest_upgrade":3,"modern_industrialization:lignite_coal":19,"comforts:sleeping_bag_white":3,"regions_unexplored:silt_dirt":2,"techreborn:zinc_ingot":1},"minecraft:broken":{"beachparty:rubber_ring_axolotl":2,"minecraft:iron_leggings":1,"minecraft:iron_pickaxe":1},"minecraft:custom":{"minecraft:interact_with_smithing_table":5,"lootr:looted_stat":111,"minecraft:mob_kills":151,"minecraft:interact_with_crafting_table":25,"minecraft:open_barrel":5,"minecraft:interact_with_campfire":1,"minecraft:damage_dealt_resisted":0,"minecraft:leave_game":1,"minecraft:time_since_death":51080,"minecraft:climb_one_cm":5438,"minecraft:damage_resisted":8,"minecraft:sprint_one_cm":606393,"minecraft:walk_one_cm":573786,"minecraft:drop":54,"minecraft:talked_to_villager":4,"minecraft:play_time":259697,"minecraft:deaths":2,"minecraft:sneak_time":1835,"minecraft:walk_under_water_one_cm":7925,"minecraft:jump":4159,"minecraft:interact_with_brewingstand":1,"minecraft:walk_on_water_one_cm":51248,"minecraft:total_world_time":259697,"minecraft:interact_with_furnace":23,"minecraft:tune_noteblock":1,"minecraft:interact_with_loom":1,"minecraft:raid_trigger":1,"minecraft:sleep_in_bed":12,"minecraft:hex":0,"minecraft:time_since_rest":6114,"minecraft:damage_taken":4170,"minecraft:damage_absorbed":40,"minecraft:damage_dealt":27816,"minecraft:player_kills":1,"minecraft:swim_one_cm":130635,"minecraft:fly_one_cm":885027,"minecraft:open_chest":8,"minecraft:crouch_one_cm":7476,"minecraft:interact_with_smoker":1,"minecraft:fall_one_cm":106923},"minecraft:killed":{"minecraft:vex":15,"minecraft:evoker":3,"minecraft:witch":1,"graveyard:revenant":3,"minecraft:spider":2,"minecraft:vindicator":30,"minecraft:skeleton":9,"minecraft:chicken":1,"minecraft:illusioner":2,"naturalist:bear":1,"minecraft:sheep":5,"minecraft:pillager":55,"tinyskeletons:baby_skeleton":1,"minecraft:zombie":5,"minecraft:player":1,"minecraft:cow":15}},"DataVersion":3465}