{"stats":{"minecraft:mined":{"regions_unexplored:golden_larch_leaves":3,"minecraft:spruce_planks":2,"croptopia:orange_crop":1,"minecraft:mossy_stone_brick_slab":1,"regions_unexplored:cattail":2,"minecraft:grass_block":2,"modern_industrialization:lignite_coal_ore":64,"rare-ice:rare_ice":1,"minecraft:spawner":5,"minecraft:hay_block":7,"minecraft:iron_ore":1,"minecraft:andesite":3,"minecraft:pumpkin":1,"treechop:chopped_log":2,"croptopia:peach_crop":3,"minecraft:iron_bars":2,"regions_unexplored:medium_grass":1,"betterarcheology:loot_vase":1,"minecraft:stone":43,"regions_unexplored:silt_grass_block":1,"minecraft:spruce_slab":2,"minecraft:smithing_table":1,"minecraft:stone_brick_slab":1,"minecraft:crafting_table":4,"modern_industrialization:nickel_ore":2,"minecraft:tall_grass":2,"minecraft:copper_ore":13,"minecraft:cobblestone":2,"minecraft:coarse_dirt":2,"betterarcheology:fossiliferous_dirt":4,"minecraft:light_gray_wool":7,"minecraft:stone_brick_stairs":1,"minecraft:grass":3,"minecraft:coal_ore":74,"minecraft:oak_log":4,"minecraft:gravel":1,"minecraft:sand":11,"minecraft:dirt":1,"minecraft:stone_bricks":2,"minecraft:oak_leaves":5},"minecraft:used":{"minecraft:stone_sword":9,"minecraft:spruce_slab":2,"minecraft:mossy_stone_brick_slab":1,"simplyswords:diamond_twinblade":151,"minecraft:torch":7,"minecraft:dirt":3,"minecraft:stone_brick_slab":1,"minecraft:iron_axe":11,"croptopia:peach":3,"regions_unexplored:larch_planks":6,"minecraft:furnace":1,"comforts:sleeping_bag_white":4,"comforts:sleeping_bag_light_gray":3,"minecraft:oak_planks":1,"minecraft:wooden_pickaxe":1,"minecraft:crafting_table":5,"croptopia:orange":1,"minecraft:apple":31,"minecraft:bread":19,"minecraft:iron_pickaxe":222,"regions_unexplored:larch_log":1,"minecraft:stone_axe":44,"minecraft:cobblestone":3,"travelersbackpack:standard":1,"minecraft:smithing_table":1},"minecraft:killed_by":{"minecraft:vindicator":1},"minecraft:crafted":{"minecraft:oak_planks":16,"comforts:sleeping_bag_white":4,"minecraft:furnace":2,"regions_unexplored:larch_planks":60,"minecraft:iron_axe":1,"travelersbackpack:gold":2,"minecraft:chest":1,"minecraft:wheat":63,"ironchests:copper_chest_upgrade":1,"travelersbackpack:iron_tier_upgrade":1,"minecraft:crafting_table":3,"minecraft:wooden_pickaxe":1,"travelersbackpack:standard":1,"minecraft:smithing_table":1,"minecraft:copper_ingot":31,"minecraft:stone_axe":1,"comforts:sleeping_bag_light_gray":2,"minecraft:air":0,"minecraft:bread":21,"minecraft:stick":24,"minecraft:iron_pickaxe":1,"minecraft:torch":68,"minecraft:shears":1},"minecraft:picked_up":{"modern_industrialization:lignite_coal":82,"minecraft:crafting_table":4,"minecraft:chicken":1,"croptopia:peach":3,"minecraft:smithing_table":1,"minecraft:brown_mushroom":1,"friendsandfoes:totem_of_illusion":1,"techreborn:zinc_ingot":1,"regions_unexplored:silt_dirt":2,"minecraft:iron_axe":1,"simplyswords:diamond_twinblade":1,"minecraft:raw_copper":39,"comforts:sleeping_bag_white":4,"minecraft:spruce_planks":1,"minecraft:beef":24,"regions_unexplored:larch_log":54,"minecraft:light_gray_wool":6,"minecraft:iron_pickaxe":1,"minecraft:spruce_slab":2,"minecraft:spruce_pressure_plate":1,"minecraft:raw_iron":1,"minecraft:stick":1,"ironchests:blank_chest_upgrade":1,"minecraft:arrow":27,"minecraft:shears":1,"minecraft:hay_block":7,"archon:thunder_strike_tome":1,"minecraft:mutton":5,"minecraft:iron_bars":2,"minecraft:cobblestone":45,"minecraft:white_wool":19,"regions_unexplored:golden_larch_sapling":10,"archon:cloudshot_tome":1,"minecraft:feather":1,"minecraft:salmon":1,"minecraft:andesite":2,"minecraft:leather":11,"minecraft:red_mushroom":7,"minecraft:oak_log":4,"minecraft:paper":14,"minecraft:dirt":3,"archon:gust_tome":2,"comforts:sleeping_bag_light_gray":4,"minecraft:bone":13,"travelersbackpack:backpack_tank":2,"bewitchment:mandrake_seeds":1,"minecraft:iron_ingot":1,"ironchests:copper_chest_upgrade":3,"twigs:twig":10,"minecraft:iron_sword":1,"minecraft:pumpkin":1,"minecraft:stone_brick_slab":1,"minecraft:gravel":1,"minecraft:sand":11,"minecraft:mossy_stone_brick_slab":1,"regions_unexplored:cattail":1,"modern_industrialization:raw_nickel":2,"minecraft:diamond":1,"croptopia:orange":1,"frostiful:wolf_fur_tuft":2,"minecraft:spruce_sign":2,"minecraft:emerald":7,"minecraft:oak_sapling":4,"minecraft:coal":75},"minecraft:dropped":{"brewery:corn":1,"minecraft:iron_ingot":1,"minecraft:iron_sword":1,"minecraft:diamond":1,"minecraft:crafting_table":1,"minecraft:iron_helmet":1,"minecraft:feather":1,"minecraft:cobblestone":10,"comforts:sleeping_bag_light_gray":2,"minecraft:leather":5,"minecraft:red_mushroom":1,"archon:gust_tome":2,"minecraft:pumpkin":1,"minecraft:iron_axe":1,"minecraft:gravel":1,"minecraft:stone_axe":1,"archon:cloudshot_tome":1,"minecraft:chicken":1,"simplyswords:diamond_twinblade":1,"minecraft:shears":1,"regions_unexplored:cattail":1,"bewitchment:mandrake_seeds":1,"minecraft:andesite":2,"minecraft:oak_sapling":4,"ironchests:copper_chest_upgrade":3,"modern_industrialization:lignite_coal":19,"comforts:sleeping_bag_white":3,"regions_unexplored:silt_dirt":1,"techreborn:zinc_ingot":1},"minecraft:broken":{"minecraft:iron_pickaxe":1},"minecraft:custom":{"minecraft:interact_with_smithing_table":2,"lootr:looted_stat":78,"minecraft:mob_kills":45,"minecraft:interact_with_crafting_table":22,"minecraft:leave_game":1,"minecraft:time_since_death":174409,"minecraft:climb_one_cm":3346,"minecraft:sprint_one_cm":385739,"minecraft:walk_one_cm":307130,"minecraft:drop":37,"minecraft:talked_to_villager":4,"minecraft:play_time":193697,"minecraft:deaths":1,"minecraft:sneak_time":1255,"minecraft:walk_under_water_one_cm":6595,"minecraft:jump":2740,"minecraft:interact_with_brewingstand":1,"minecraft:walk_on_water_one_cm":38347,"minecraft:total_world_time":193697,"minecraft:interact_with_furnace":9,"minecraft:interact_with_loom":1,"minecraft:sleep_in_bed":8,"minecraft:hex":0,"minecraft:time_since_rest":10217,"minecraft:damage_taken":1219,"minecraft:damage_dealt":7095,"minecraft:swim_one_cm":111930,"minecraft:fly_one_cm":613991,"minecraft:crouch_one_cm":4247,"minecraft:interact_with_smoker":1,"minecraft:fall_one_cm":67085},"minecraft:killed":{"graveyard:revenant":2,"minecraft:vindicator":1,"minecraft:skeleton":8,"minecraft:chicken":1,"minecraft:illusioner":1,"minecraft:sheep":5,"minecraft:pillager":9,"tinyskeletons:baby_skeleton":1,"minecraft:zombie":2,"minecraft:cow":12}},"DataVersion":3465}