{"stats":{"minecraft:mined":{"minecraft:spruce_planks":2,"regions_unexplored:golden_larch_leaves":3,"croptopia:orange_crop":1,"minecraft:mossy_stone_brick_slab":1,"minecraft:stone_brick_slab":1,"regions_unexplored:cattail":2,"minecraft:crafting_table":3,"minecraft:grass_block":2,"modern_industrialization:nickel_ore":2,"modern_industrialization:lignite_coal_ore":64,"minecraft:copper_ore":13,"minecraft:tall_grass":2,"minecraft:cobblestone":2,"rare-ice:rare_ice":1,"minecraft:spawner":1,"minecraft:hay_block":7,"minecraft:coarse_dirt":2,"betterarcheology:fossiliferous_dirt":4,"minecraft:iron_ore":1,"minecraft:andesite":3,"minecraft:light_gray_wool":7,"minecraft:pumpkin":1,"treechop:chopped_log":1,"croptopia:peach_crop":3,"minecraft:grass":2,"minecraft:oak_log":4,"minecraft:coal_ore":66,"minecraft:iron_bars":2,"minecraft:gravel":1,"minecraft:dirt":1,"regions_unexplored:medium_grass":1,"betterarcheology:loot_vase":1,"minecraft:stone":32,"minecraft:oak_leaves":5,"minecraft:spruce_slab":2},"minecraft:used":{"minecraft:stone_sword":9,"comforts:sleeping_bag_light_gray":3,"minecraft:spruce_slab":2,"minecraft:oak_planks":1,"minecraft:wooden_pickaxe":1,"minecraft:mossy_stone_brick_slab":1,"simplyswords:diamond_twinblade":77,"minecraft:torch":1,"minecraft:dirt":3,"minecraft:crafting_table":4,"croptopia:orange":1,"minecraft:stone_brick_slab":1,"minecraft:apple":15,"minecraft:bread":9,"minecraft:iron_pickaxe":196,"regions_unexplored:larch_log":1,"minecraft:stone_axe":36,"croptopia:peach":3,"travelersbackpack:standard":1,"regions_unexplored:larch_planks":3,"minecraft:furnace":1},"minecraft:killed_by":{"minecraft:vindicator":1},"minecraft:crafted":{"ironchests:copper_chest_upgrade":1,"minecraft:oak_planks":16,"minecraft:crafting_table":2,"minecraft:wooden_pickaxe":1,"travelersbackpack:standard":1,"minecraft:furnace":1,"minecraft:copper_ingot":31,"regions_unexplored:larch_planks":48,"minecraft:stone_axe":1,"comforts:sleeping_bag_light_gray":2,"minecraft:bread":21,"minecraft:air":0,"travelersbackpack:gold":1,"minecraft:stick":8,"minecraft:chest":1,"minecraft:torch":20,"minecraft:wheat":63},"minecraft:picked_up":{"minecraft:crafting_table":3,"modern_industrialization:lignite_coal":82,"minecraft:feather":1,"minecraft:chicken":1,"croptopia:peach":3,"minecraft:andesite":2,"minecraft:salmon":1,"minecraft:leather":6,"minecraft:brown_mushroom":1,"minecraft:red_mushroom":4,"minecraft:oak_log":4,"minecraft:dirt":3,"minecraft:raw_copper":39,"comforts:sleeping_bag_light_gray":3,"simplyswords:diamond_twinblade":1,"minecraft:bone":2,"travelersbackpack:backpack_tank":2,"minecraft:spruce_planks":1,"bewitchment:mandrake_seeds":1,"minecraft:beef":9,"ironchests:copper_chest_upgrade":3,"regions_unexplored:larch_log":54,"minecraft:spruce_slab":2,"minecraft:iron_pickaxe":1,"minecraft:light_gray_wool":6,"twigs:twig":10,"minecraft:stick":1,"minecraft:pumpkin":1,"minecraft:stone_brick_slab":1,"minecraft:gravel":1,"ironchests:blank_chest_upgrade":1,"minecraft:mossy_stone_brick_slab":1,"regions_unexplored:cattail":1,"minecraft:arrow":11,"modern_industrialization:raw_nickel":2,"minecraft:hay_block":7,"croptopia:orange":1,"frostiful:wolf_fur_tuft":2,"minecraft:emerald":4,"minecraft:oak_sapling":4,"minecraft:mutton":5,"minecraft:iron_bars":2,"minecraft:coal":64,"regions_unexplored:golden_larch_sapling":10,"minecraft:white_wool":5,"minecraft:cobblestone":34},"minecraft:dropped":{"minecraft:gravel":1,"minecraft:cobblestone":10,"minecraft:feather":1,"minecraft:chicken":1,"simplyswords:diamond_twinblade":1,"minecraft:red_mushroom":1,"regions_unexplored:cattail":1,"bewitchment:mandrake_seeds":1,"minecraft:andesite":2,"minecraft:oak_sapling":4,"ironchests:copper_chest_upgrade":3,"modern_industrialization:lignite_coal":19,"minecraft:pumpkin":1},"minecraft:custom":{"minecraft:interact_with_furnace":9,"lootr:looted_stat":51,"minecraft:mob_kills":24,"minecraft:interact_with_crafting_table":10,"minecraft:leave_game":1,"minecraft:time_since_death":114409,"minecraft:sleep_in_bed":4,"minecraft:climb_one_cm":2355,"minecraft:hex":0,"minecraft:time_since_rest":76603,"minecraft:sprint_one_cm":197095,"minecraft:damage_taken":922,"minecraft:walk_one_cm":145333,"minecraft:drop":15,"minecraft:damage_dealt":3624,"minecraft:swim_one_cm":11511,"minecraft:talked_to_villager":2,"minecraft:fly_one_cm":275711,"minecraft:play_time":133697,"minecraft:crouch_one_cm":2194,"minecraft:deaths":1,"minecraft:sneak_time":619,"minecraft:walk_under_water_one_cm":3307,"minecraft:interact_with_brewingstand":1,"minecraft:jump":1360,"minecraft:walk_on_water_one_cm":8449,"minecraft:total_world_time":133697,"minecraft:fall_one_cm":39711},"minecraft:killed":{"graveyard:revenant":2,"minecraft:vindicator":1,"minecraft:sheep":5,"minecraft:pillager":6,"minecraft:zombie":2,"minecraft:chicken":1,"minecraft:cow":6}},"DataVersion":3465}