{"stats":{"minecraft:mined":{"twigs:pebble":1,"minecraft:crafting_table":1,"minecraft:oak_log":4,"minecraft:packed_ice":6},"minecraft:used":{"comforts:sleeping_bag_light_gray":3,"minecraft:bread":5,"artifacts:eternal_steak":1,"minecraft:crafting_table":1,"simplyswords:gold_katana":3},"minecraft:killed_by":{"minecraft:player":1},"minecraft:picked_up":{"minecraft:crafting_table":1,"minecraft:red_mushroom":6,"minecraft:oak_log":4,"comforts:sleeping_bag_light_gray":4,"minecraft:arrow":3,"comforts:sleeping_bag_white":1,"twigs:pebble":1,"minecraft:emerald":1},"minecraft:crafted":{"artifacts:eternal_steak":1,"minecraft:oak_planks":16,"minecraft:chest":1},"minecraft:dropped":{"beachparty:rubber_ring_axolotl":1,"artifacts:villager_hat":1},"minecraft:custom":{"minecraft:time_since_rest":793,"minecraft:interact_with_furnace":1,"lootr:looted_stat":50,"minecraft:sprint_one_cm":192642,"minecraft:damage_taken":362,"minecraft:walk_one_cm":63806,"minecraft:mob_kills":1,"minecraft:drop":2,"minecraft:damage_dealt":133,"minecraft:interact_with_crafting_table":3,"minecraft:swim_one_cm":5259,"minecraft:talked_to_villager":1,"minecraft:fly_one_cm":76135,"minecraft:crouch_one_cm":830,"minecraft:play_time":33229,"minecraft:deaths":1,"minecraft:sneak_time":330,"minecraft:walk_under_water_one_cm":240,"minecraft:jump":331,"minecraft:time_since_death":2830,"minecraft:walk_on_water_one_cm":2904,"minecraft:sleep_in_bed":3,"minecraft:total_world_time":33229,"minecraft:climb_one_cm":726,"minecraft:hex":0,"minecraft:fall_one_cm":10614},"minecraft:killed":{"minecraft:pillager":1}},"DataVersion":3465}