{"stats":{"minecraft:mined":{"twigs:pebble":1,"minecraft:crafting_table":1,"techreborn:tin_ore":3,"minecraft:iron_ore":1,"regions_unexplored:mossy_stone":1,"treechop:chopped_log":1,"minecraft:grass":2,"minecraft:oak_log":4,"minecraft:coal_ore":17,"minecraft:iron_bars":2,"minecraft:packed_ice":6,"minecraft:stone":9},"minecraft:used":{"comforts:sleeping_bag_light_gray":6,"minecraft:stone_pickaxe":27,"minecraft:wooden_pickaxe":7,"artifacts:eternal_steak":8,"minecraft:iron_sword":77,"minecraft:crafting_table":3,"simplyswords:gold_katana":15,"minecraft:bread":5},"minecraft:killed_by":{"minecraft:vindicator":2,"minecraft:player":1,"minecraft:vex":1},"minecraft:dropped":{"minecraft:sugar_cane":2,"minecraft:wheat_seeds":1,"archon:cloudshot_tome":1,"minecraft:raw_iron":1,"minecraft:crossbow":1,"artifacts:villager_hat":1,"minecraft:apple":1,"archon:thunder_strike_tome":1,"minecraft:red_mushroom":12,"minecraft:cod":2,"minecraft:stick":4,"beachparty:rubber_ring_axolotl":1,"archon:gust_tome":2,"minecraft:spruce_planks":2,"comforts:sleeping_bag_white":1,"minecraft:arrow":3,"minecraft:wooden_pickaxe":3,"minecraft:paper":14,"minecraft:egg":1},"minecraft:crafted":{"artifacts:eternal_steak":1,"minecraft:oak_planks":16,"minecraft:crafting_table":2,"minecraft:spruce_planks":36,"minecraft:wooden_pickaxe":2,"travelersbackpack:standard":1,"minecraft:stick":8,"minecraft:stone_pickaxe":1,"minecraft:chest":1},"minecraft:picked_up":{"techreborn:raw_tin":3,"minecraft:crafting_table":1,"minecraft:leather":4,"minecraft:wooden_pickaxe":1,"minecraft:red_mushroom":12,"minecraft:oak_log":4,"minecraft:paper":14,"comforts:sleeping_bag_light_gray":7,"minecraft:wheat_seeds":1,"twigs:pebble":1,"comforts:sleeping_bag_white":2,"minecraft:spruce_planks":2,"minecraft:sugar_cane":4,"minecraft:egg":1,"minecraft:raw_iron":1,"minecraft:spruce_log":9,"minecraft:arrow":15,"minecraft:crossbow":2,"minecraft:totem_of_undying":2,"minecraft:emerald":7,"minecraft:coal":17,"minecraft:cobblestone":5},"minecraft:custom":{"lootr:looted_stat":62,"minecraft:interact_with_furnace":1,"minecraft:mob_kills":16,"minecraft:interact_with_crafting_table":10,"minecraft:time_since_death":948,"minecraft:sleep_in_bed":6,"minecraft:climb_one_cm":1945,"minecraft:hex":0,"minecraft:time_since_rest":979,"minecraft:sprint_one_cm":377789,"minecraft:damage_taken":1866,"minecraft:walk_one_cm":105185,"minecraft:drop":24,"minecraft:damage_dealt":3266,"minecraft:swim_one_cm":11937,"minecraft:talked_to_villager":1,"minecraft:fly_one_cm":227165,"minecraft:open_chest":2,"minecraft:crouch_one_cm":2009,"minecraft:play_time":69229,"minecraft:deaths":4,"minecraft:sneak_time":969,"minecraft:walk_under_water_one_cm":1285,"minecraft:jump":978,"minecraft:walk_on_water_one_cm":8310,"minecraft:total_world_time":69229,"minecraft:fall_one_cm":25294},"minecraft:killed":{"minecraft:vex":5,"minecraft:pillager":10,"minecraft:cow":1}},"DataVersion":3465}