{"stats":{"minecraft:mined":{"minecraft:smithing_table":1,"minecraft:dark_oak_planks":5,"twigs:pebble":1,"minecraft:glass_pane":2,"minecraft:crafting_table":1,"regions_unexplored:silt_dirt":1,"techreborn:tin_ore":3,"minecraft:furnace":1,"techreborn:ruby_ore":4,"minecraft:iron_ore":1,"regions_unexplored:mossy_stone":1,"graveyard:upper_bone_staff":1,"treechop:chopped_log":1,"minecraft:grass":2,"minecraft:oak_log":4,"minecraft:coal_ore":17,"minecraft:iron_bars":2,"minecraft:sand":22,"minecraft:packed_ice":6,"minecraft:cobweb":3,"minecraft:cracked_stone_bricks":2,"minecraft:stone_bricks":4,"minecraft:stone":9,"minecraft:mossy_stone_bricks":1},"minecraft:used":{"comforts:sleeping_bag_light_gray":9,"minecraft:water_bucket":5,"minecraft:stone_pickaxe":28,"minecraft:spruce_planks":14,"minecraft:wooden_pickaxe":7,"artifacts:eternal_steak":17,"minecraft:iron_sword":111,"simplyswords:gold_claymore":6,"minecraft:sand":11,"minecraft:crafting_table":4,"simplyswords:gold_katana":15,"minecraft:dark_oak_planks":2,"minecraft:bread":5,"minecraft:iron_pickaxe":16,"decorative_blocks:dark_oak_support":3,"travelersbackpack:standard":3,"regions_unexplored:larch_planks":1,"minecraft:bucket":5},"minecraft:killed_by":{"minecraft:vindicator":6,"minecraft:player":2,"minecraft:vex":1},"minecraft:dropped":{"minecraft:goat_horn":1,"minecraft:sugar_cane":2,"minecraft:wheat_seeds":1,"regions_unexplored:maple_shrub":1,"archon:cloudshot_tome":1,"minecraft:raw_iron":1,"minecraft:crossbow":1,"artifacts:villager_hat":1,"minecraft:apple":1,"minecraft:cracked_stone_bricks":1,"archon:thunder_strike_tome":1,"minecraft:red_mushroom":18,"minecraft:cod":2,"minecraft:stick":4,"simplyswords:gold_claymore":1,"beachparty:rubber_ring_axolotl":1,"archon:gust_tome":2,"minecraft:spruce_planks":2,"minecraft:mossy_stone_bricks":1,"minecraft:stone_bricks":3,"comforts:sleeping_bag_white":1,"minecraft:iron_axe":1,"minecraft:arrow":3,"minecraft:wooden_pickaxe":3,"minecraft:string":1,"minecraft:paper":14,"regions_unexplored:silt_dirt":1,"minecraft:dark_oak_planks":2,"minecraft:egg":1},"minecraft:crafted":{"artifacts:eternal_steak":1,"minecraft:oak_planks":16,"travelersbackpack:iron_tier_upgrade":1,"decorative_blocks:dark_oak_support":3,"minecraft:crafting_table":19,"minecraft:spruce_planks":36,"travelersbackpack:backpack_tank":2,"minecraft:wooden_pickaxe":2,"travelersbackpack:standard":3,"travelersbackpack:blank_upgrade":4,"travelersbackpack:gold_tier_upgrade":1,"minecraft:air":0,"minecraft:glass":12,"minecraft:stick":12,"minecraft:iron_pickaxe":1,"minecraft:stone_pickaxe":1,"minecraft:chest":2,"minecraft:dark_oak_planks":72},"minecraft:picked_up":{"techreborn:raw_tin":3,"minecraft:crafting_table":1,"beachparty:rubber_ring_axolotl":1,"regions_unexplored:larch_planks":1,"minecraft:leather":8,"minecraft:smithing_table":1,"regions_unexplored:silt_dirt":1,"minecraft:wooden_pickaxe":1,"minecraft:red_mushroom":19,"minecraft:oak_log":4,"minecraft:string":2,"minecraft:paper":14,"minecraft:white_banner":1,"minecraft:iron_axe":1,"comforts:sleeping_bag_light_gray":10,"minecraft:glass":12,"minecraft:stone_bricks":3,"minecraft:cracked_stone_bricks":1,"minecraft:wheat_seeds":1,"twigs:pebble":1,"comforts:sleeping_bag_white":2,"minecraft:spruce_planks":2,"regions_unexplored:maple_shrub":1,"minecraft:mossy_stone_bricks":1,"minecraft:sugar_cane":4,"minecraft:furnace":1,"minecraft:egg":1,"minecraft:raw_iron":1,"techreborn:ruby_gem":7,"minecraft:sand":33,"minecraft:spruce_log":9,"minecraft:redstone":4,"minecraft:dark_oak_log":1,"techreborn:red_garnet_gem":2,"minecraft:dark_oak_planks":6,"graveyard:upper_bone_staff":1,"minecraft:arrow":17,"minecraft:lever":1,"minecraft:crossbow":2,"minecraft:totem_of_undying":3,"minecraft:emerald":8,"simplyswords:gold_claymore":1,"minecraft:coal":39,"minecraft:cobblestone":5},"minecraft:broken":{"beachparty:rubber_ring_axolotl":1},"minecraft:custom":{"minecraft:interact_with_smithing_table":5,"lootr:looted_stat":84,"minecraft:interact_with_furnace":11,"minecraft:mob_kills":19,"minecraft:interact_with_crafting_table":23,"minecraft:open_barrel":15,"minecraft:time_since_death":15313,"minecraft:sleep_in_bed":9,"minecraft:climb_one_cm":4473,"minecraft:hex":0,"minecraft:time_since_rest":6114,"minecraft:sprint_one_cm":601280,"minecraft:damage_taken":4176,"minecraft:walk_one_cm":178509,"minecraft:drop":41,"minecraft:damage_dealt":4595,"minecraft:swim_one_cm":18936,"minecraft:talked_to_villager":1,"minecraft:fly_one_cm":436644,"minecraft:open_chest":9,"minecraft:crouch_one_cm":2594,"minecraft:play_time":123229,"minecraft:deaths":9,"minecraft:sneak_time":1454,"minecraft:walk_under_water_one_cm":3798,"minecraft:jump":1993,"minecraft:walk_on_water_one_cm":11034,"minecraft:total_world_time":123229,"minecraft:fall_one_cm":58556},"minecraft:killed":{"minecraft:vex":5,"minecraft:vindicator":1,"minecraft:pillager":11,"minecraft:cow":2}},"DataVersion":3465}