{"stats":{"minecraft:mined":{"twigs:pebble":1,"minecraft:iron_ore":1,"regions_unexplored:mossy_stone":1,"treechop:chopped_log":1,"minecraft:crafting_table":1,"minecraft:grass":1,"minecraft:coal_ore":17,"minecraft:oak_log":4,"minecraft:iron_bars":2,"minecraft:packed_ice":6,"minecraft:stone":9,"techreborn:tin_ore":3},"minecraft:used":{"comforts:sleeping_bag_light_gray":5,"minecraft:bread":5,"minecraft:stone_pickaxe":27,"minecraft:wooden_pickaxe":7,"artifacts:eternal_steak":6,"minecraft:crafting_table":3,"simplyswords:gold_katana":15},"minecraft:killed_by":{"minecraft:player":1},"minecraft:crafted":{"artifacts:eternal_steak":1,"minecraft:oak_planks":16,"minecraft:crafting_table":2,"minecraft:spruce_planks":36,"minecraft:stick":8,"travelersbackpack:standard":1,"minecraft:wooden_pickaxe":2,"minecraft:stone_pickaxe":1,"minecraft:chest":1},"minecraft:picked_up":{"techreborn:raw_tin":3,"minecraft:raw_iron":1,"minecraft:crafting_table":1,"minecraft:leather":4,"minecraft:wooden_pickaxe":1,"minecraft:red_mushroom":12,"minecraft:oak_log":4,"minecraft:spruce_log":9,"minecraft:paper":14,"comforts:sleeping_bag_light_gray":6,"minecraft:arrow":6,"minecraft:wheat_seeds":1,"minecraft:spruce_planks":2,"comforts:sleeping_bag_white":2,"twigs:pebble":1,"minecraft:emerald":3,"minecraft:sugar_cane":4,"minecraft:coal":17,"minecraft:egg":1,"minecraft:cobblestone":5},"minecraft:dropped":{"archon:gust_tome":2,"beachparty:rubber_ring_axolotl":1,"minecraft:sugar_cane":2,"minecraft:wheat_seeds":1,"minecraft:spruce_planks":2,"archon:cloudshot_tome":1,"minecraft:raw_iron":1,"artifacts:villager_hat":1,"comforts:sleeping_bag_white":1,"minecraft:apple":1,"minecraft:arrow":3,"minecraft:wooden_pickaxe":3,"minecraft:paper":14,"archon:thunder_strike_tome":1,"minecraft:stick":4,"minecraft:red_mushroom":12,"minecraft:cod":2,"minecraft:egg":1},"minecraft:custom":{"minecraft:time_since_rest":10217,"minecraft:interact_with_furnace":1,"lootr:looted_stat":53,"minecraft:sprint_one_cm":310720,"minecraft:damage_taken":613,"minecraft:walk_one_cm":84554,"minecraft:mob_kills":4,"minecraft:drop":23,"minecraft:damage_dealt":703,"minecraft:interact_with_crafting_table":10,"minecraft:swim_one_cm":11937,"minecraft:talked_to_villager":1,"minecraft:fly_one_cm":202204,"minecraft:crouch_one_cm":1724,"minecraft:play_time":57229,"minecraft:deaths":1,"minecraft:sneak_time":871,"minecraft:walk_under_water_one_cm":1285,"minecraft:jump":816,"minecraft:time_since_death":26830,"minecraft:walk_on_water_one_cm":8310,"minecraft:sleep_in_bed":5,"minecraft:total_world_time":57229,"minecraft:climb_one_cm":726,"minecraft:hex":0,"minecraft:fall_one_cm":24041},"minecraft:killed":{"minecraft:pillager":3,"minecraft:cow":1}},"DataVersion":3465}