{"stats":{"minecraft:mined":{"minecraft:smithing_table":1,"minecraft:dark_oak_planks":5,"twigs:pebble":1,"minecraft:crafting_table":1,"regions_unexplored:silt_dirt":1,"techreborn:tin_ore":3,"minecraft:furnace":1,"minecraft:iron_ore":1,"regions_unexplored:mossy_stone":1,"graveyard:upper_bone_staff":1,"treechop:chopped_log":1,"minecraft:grass":2,"minecraft:oak_log":4,"minecraft:coal_ore":17,"minecraft:iron_bars":2,"minecraft:sand":22,"minecraft:packed_ice":6,"minecraft:cobweb":2,"minecraft:stone":9},"minecraft:used":{"comforts:sleeping_bag_light_gray":8,"minecraft:water_bucket":1,"minecraft:stone_pickaxe":28,"minecraft:spruce_planks":10,"minecraft:wooden_pickaxe":7,"artifacts:eternal_steak":15,"minecraft:iron_sword":101,"simplyswords:gold_claymore":5,"minecraft:sand":11,"minecraft:crafting_table":4,"simplyswords:gold_katana":15,"minecraft:dark_oak_planks":2,"minecraft:bread":5,"minecraft:iron_pickaxe":3,"decorative_blocks:dark_oak_support":3,"travelersbackpack:standard":3,"regions_unexplored:larch_planks":1,"minecraft:bucket":1},"minecraft:killed_by":{"minecraft:vindicator":6,"minecraft:player":2,"minecraft:vex":1},"minecraft:dropped":{"minecraft:goat_horn":1,"minecraft:sugar_cane":2,"minecraft:wheat_seeds":1,"regions_unexplored:maple_shrub":1,"archon:cloudshot_tome":1,"minecraft:raw_iron":1,"minecraft:crossbow":1,"artifacts:villager_hat":1,"minecraft:apple":1,"archon:thunder_strike_tome":1,"minecraft:red_mushroom":18,"minecraft:cod":2,"minecraft:stick":4,"simplyswords:gold_claymore":1,"beachparty:rubber_ring_axolotl":1,"archon:gust_tome":2,"minecraft:spruce_planks":2,"comforts:sleeping_bag_white":1,"minecraft:iron_axe":1,"minecraft:arrow":3,"minecraft:wooden_pickaxe":3,"minecraft:paper":14,"regions_unexplored:silt_dirt":1,"minecraft:dark_oak_planks":2,"minecraft:egg":1},"minecraft:crafted":{"artifacts:eternal_steak":1,"minecraft:oak_planks":16,"travelersbackpack:iron_tier_upgrade":1,"decorative_blocks:dark_oak_support":3,"minecraft:crafting_table":19,"minecraft:spruce_planks":36,"travelersbackpack:backpack_tank":2,"minecraft:wooden_pickaxe":2,"travelersbackpack:standard":3,"travelersbackpack:blank_upgrade":4,"travelersbackpack:gold_tier_upgrade":1,"minecraft:air":0,"minecraft:glass":12,"minecraft:stick":12,"minecraft:iron_pickaxe":1,"minecraft:stone_pickaxe":1,"minecraft:chest":2,"minecraft:dark_oak_planks":72},"minecraft:picked_up":{"techreborn:raw_tin":3,"minecraft:crafting_table":1,"beachparty:rubber_ring_axolotl":1,"regions_unexplored:larch_planks":1,"minecraft:leather":8,"minecraft:smithing_table":1,"regions_unexplored:silt_dirt":1,"minecraft:wooden_pickaxe":1,"minecraft:red_mushroom":19,"minecraft:oak_log":4,"minecraft:string":2,"minecraft:paper":14,"minecraft:iron_axe":1,"comforts:sleeping_bag_light_gray":9,"minecraft:glass":12,"minecraft:wheat_seeds":1,"twigs:pebble":1,"comforts:sleeping_bag_white":2,"minecraft:spruce_planks":2,"regions_unexplored:maple_shrub":1,"minecraft:sugar_cane":4,"minecraft:furnace":1,"minecraft:egg":1,"minecraft:raw_iron":1,"minecraft:sand":33,"minecraft:spruce_log":9,"minecraft:redstone":1,"minecraft:dark_oak_planks":6,"graveyard:upper_bone_staff":1,"minecraft:arrow":15,"minecraft:lever":1,"minecraft:crossbow":2,"minecraft:totem_of_undying":3,"minecraft:emerald":8,"simplyswords:gold_claymore":1,"minecraft:coal":39,"minecraft:cobblestone":5},"minecraft:broken":{"beachparty:rubber_ring_axolotl":1},"minecraft:custom":{"minecraft:interact_with_smithing_table":5,"lootr:looted_stat":79,"minecraft:interact_with_furnace":10,"minecraft:mob_kills":18,"minecraft:interact_with_crafting_table":23,"minecraft:open_barrel":15,"minecraft:time_since_death":3313,"minecraft:sleep_in_bed":8,"minecraft:climb_one_cm":2809,"minecraft:hex":0,"minecraft:time_since_rest":3373,"minecraft:sprint_one_cm":543166,"minecraft:damage_taken":4068,"minecraft:walk_one_cm":162461,"minecraft:drop":37,"minecraft:damage_dealt":4301,"minecraft:swim_one_cm":16844,"minecraft:talked_to_villager":1,"minecraft:fly_one_cm":363222,"minecraft:open_chest":9,"minecraft:crouch_one_cm":2568,"minecraft:play_time":111229,"minecraft:deaths":9,"minecraft:sneak_time":1332,"minecraft:walk_under_water_one_cm":1806,"minecraft:jump":1682,"minecraft:walk_on_water_one_cm":10307,"minecraft:total_world_time":111229,"minecraft:fall_one_cm":48200},"minecraft:killed":{"minecraft:vex":5,"minecraft:vindicator":1,"minecraft:pillager":10,"minecraft:cow":2}},"DataVersion":3465}