{"stats":{"minecraft:mined":{"twigs:pebble":1,"minecraft:iron_ore":1,"regions_unexplored:mossy_stone":1,"treechop:chopped_log":1,"minecraft:crafting_table":1,"minecraft:grass":1,"minecraft:coal_ore":17,"minecraft:oak_log":4,"minecraft:iron_bars":2,"minecraft:packed_ice":6,"minecraft:stone":9,"techreborn:tin_ore":3},"minecraft:used":{"comforts:sleeping_bag_light_gray":3,"minecraft:bread":5,"minecraft:stone_pickaxe":27,"minecraft:wooden_pickaxe":7,"artifacts:eternal_steak":3,"minecraft:crafting_table":2,"simplyswords:gold_katana":8},"minecraft:killed_by":{"minecraft:player":1},"minecraft:crafted":{"artifacts:eternal_steak":1,"minecraft:oak_planks":16,"minecraft:crafting_table":1,"minecraft:spruce_planks":36,"minecraft:stick":8,"minecraft:wooden_pickaxe":2,"minecraft:stone_pickaxe":1,"minecraft:chest":1},"minecraft:dropped":{"beachparty:rubber_ring_axolotl":1,"minecraft:sugar_cane":2,"minecraft:spruce_planks":2,"artifacts:villager_hat":1,"minecraft:apple":1,"minecraft:wooden_pickaxe":3,"minecraft:red_mushroom":12,"minecraft:cod":2},"minecraft:picked_up":{"techreborn:raw_tin":3,"minecraft:raw_iron":1,"minecraft:crafting_table":1,"minecraft:wooden_pickaxe":1,"minecraft:red_mushroom":12,"minecraft:oak_log":4,"minecraft:spruce_log":9,"comforts:sleeping_bag_light_gray":4,"minecraft:arrow":3,"minecraft:spruce_planks":2,"comforts:sleeping_bag_white":1,"twigs:pebble":1,"minecraft:emerald":1,"minecraft:sugar_cane":4,"minecraft:coal":17,"minecraft:cobblestone":5},"minecraft:custom":{"minecraft:time_since_rest":12793,"minecraft:interact_with_furnace":1,"lootr:looted_stat":51,"minecraft:sprint_one_cm":251111,"minecraft:damage_taken":466,"minecraft:walk_one_cm":75308,"minecraft:mob_kills":2,"minecraft:drop":12,"minecraft:damage_dealt":233,"minecraft:interact_with_crafting_table":8,"minecraft:swim_one_cm":11937,"minecraft:talked_to_villager":1,"minecraft:fly_one_cm":156459,"minecraft:crouch_one_cm":1635,"minecraft:play_time":45229,"minecraft:deaths":1,"minecraft:sneak_time":724,"minecraft:walk_under_water_one_cm":1285,"minecraft:jump":622,"minecraft:time_since_death":14830,"minecraft:walk_on_water_one_cm":8310,"minecraft:sleep_in_bed":3,"minecraft:total_world_time":45229,"minecraft:climb_one_cm":726,"minecraft:hex":0,"minecraft:fall_one_cm":19006},"minecraft:killed":{"minecraft:pillager":1,"minecraft:cow":1}},"DataVersion":3465}