{"stats":{"minecraft:mined":{"twigs:pebble":1,"minecraft:packed_ice":3,"minecraft:crafting_table":1},"minecraft:used":{"comforts:sleeping_bag_light_gray":2,"simplyswords:gold_katana":3,"minecraft:bread":5},"minecraft:crafted":{"artifacts:eternal_steak":1},"minecraft:picked_up":{"comforts:sleeping_bag_light_gray":3,"minecraft:crafting_table":1,"minecraft:arrow":3,"twigs:pebble":1,"comforts:sleeping_bag_white":1,"minecraft:emerald":1},"minecraft:dropped":{"artifacts:villager_hat":1},"minecraft:custom":{"minecraft:time_since_rest":3286,"minecraft:play_time":21229,"lootr:looted_stat":46,"minecraft:crouch_one_cm":830,"minecraft:interact_with_furnace":1,"minecraft:sprint_one_cm":116802,"minecraft:damage_taken":68,"minecraft:walk_one_cm":49334,"minecraft:sneak_time":330,"minecraft:walk_under_water_one_cm":240,"minecraft:mob_kills":1,"minecraft:drop":1,"minecraft:jump":215,"minecraft:damage_dealt":133,"minecraft:walk_on_water_one_cm":2821,"minecraft:time_since_death":21229,"minecraft:sleep_in_bed":2,"minecraft:climb_one_cm":142,"minecraft:total_world_time":21229,"minecraft:hex":0,"minecraft:swim_one_cm":5259,"minecraft:interact_with_crafting_table":1,"minecraft:fall_one_cm":5917,"minecraft:fly_one_cm":52837},"minecraft:killed":{"minecraft:pillager":1}},"DataVersion":3465}