{"stats":{"minecraft:mined":{"minecraft:dark_oak_planks":5,"twigs:pebble":1,"minecraft:crafting_table":1,"techreborn:tin_ore":3,"minecraft:iron_ore":1,"regions_unexplored:mossy_stone":1,"treechop:chopped_log":1,"minecraft:grass":2,"minecraft:oak_log":4,"minecraft:coal_ore":17,"minecraft:iron_bars":2,"minecraft:packed_ice":6,"minecraft:stone":9},"minecraft:used":{"comforts:sleeping_bag_light_gray":7,"minecraft:stone_pickaxe":28,"minecraft:wooden_pickaxe":7,"artifacts:eternal_steak":10,"minecraft:iron_sword":97,"minecraft:sand":11,"minecraft:crafting_table":3,"simplyswords:gold_katana":15,"minecraft:dark_oak_planks":2,"minecraft:bread":5,"decorative_blocks:dark_oak_support":3,"regions_unexplored:larch_planks":1},"minecraft:killed_by":{"minecraft:vindicator":6,"minecraft:player":1,"minecraft:vex":1},"minecraft:dropped":{"minecraft:goat_horn":1,"minecraft:sugar_cane":2,"minecraft:wheat_seeds":1,"archon:cloudshot_tome":1,"minecraft:raw_iron":1,"minecraft:crossbow":1,"artifacts:villager_hat":1,"minecraft:apple":1,"archon:thunder_strike_tome":1,"minecraft:red_mushroom":18,"minecraft:cod":2,"minecraft:stick":4,"beachparty:rubber_ring_axolotl":1,"archon:gust_tome":2,"minecraft:spruce_planks":2,"comforts:sleeping_bag_white":1,"minecraft:iron_axe":1,"minecraft:arrow":3,"minecraft:wooden_pickaxe":3,"minecraft:paper":14,"minecraft:dark_oak_planks":2,"minecraft:egg":1},"minecraft:crafted":{"artifacts:eternal_steak":1,"minecraft:oak_planks":16,"decorative_blocks:dark_oak_support":3,"minecraft:crafting_table":19,"minecraft:spruce_planks":36,"minecraft:wooden_pickaxe":2,"travelersbackpack:standard":1,"minecraft:stick":8,"minecraft:stone_pickaxe":1,"minecraft:chest":1,"minecraft:dark_oak_planks":72},"minecraft:picked_up":{"techreborn:raw_tin":3,"minecraft:crafting_table":1,"beachparty:rubber_ring_axolotl":1,"regions_unexplored:larch_planks":1,"minecraft:leather":4,"minecraft:wooden_pickaxe":1,"minecraft:red_mushroom":19,"minecraft:oak_log":4,"minecraft:paper":14,"minecraft:iron_axe":1,"comforts:sleeping_bag_light_gray":8,"minecraft:wheat_seeds":1,"twigs:pebble":1,"comforts:sleeping_bag_white":2,"minecraft:spruce_planks":2,"minecraft:sugar_cane":4,"minecraft:egg":1,"minecraft:raw_iron":1,"minecraft:sand":11,"minecraft:spruce_log":9,"minecraft:redstone":1,"minecraft:dark_oak_planks":6,"minecraft:arrow":15,"minecraft:lever":1,"minecraft:crossbow":2,"minecraft:totem_of_undying":3,"minecraft:emerald":8,"minecraft:coal":17,"minecraft:cobblestone":5},"minecraft:broken":{"beachparty:rubber_ring_axolotl":1},"minecraft:custom":{"lootr:looted_stat":72,"minecraft:interact_with_furnace":1,"minecraft:mob_kills":18,"minecraft:interact_with_crafting_table":10,"minecraft:time_since_death":8652,"minecraft:sleep_in_bed":7,"minecraft:climb_one_cm":1945,"minecraft:hex":0,"minecraft:time_since_rest":7955,"minecraft:sprint_one_cm":482159,"minecraft:damage_taken":3440,"minecraft:walk_one_cm":134093,"minecraft:drop":34,"minecraft:damage_dealt":3970,"minecraft:swim_one_cm":15396,"minecraft:talked_to_villager":1,"minecraft:fly_one_cm":296231,"minecraft:open_chest":3,"minecraft:crouch_one_cm":2324,"minecraft:play_time":87229,"minecraft:deaths":8,"minecraft:sneak_time":1129,"minecraft:walk_under_water_one_cm":1380,"minecraft:jump":1352,"minecraft:walk_on_water_one_cm":8940,"minecraft:total_world_time":87229,"minecraft:fall_one_cm":36433},"minecraft:killed":{"minecraft:vex":5,"minecraft:vindicator":1,"minecraft:pillager":10,"minecraft:cow":2}},"DataVersion":3465}