{"stats":{"minecraft:mined":{"twigs:pebble":1,"minecraft:packed_ice":3},"minecraft:used":{"comforts:sleeping_bag_light_gray":1},"minecraft:crafted":{"artifacts:eternal_steak":1},"minecraft:picked_up":{"comforts:sleeping_bag_light_gray":2,"comforts:sleeping_bag_white":1,"twigs:pebble":1},"minecraft:custom":{"minecraft:jump":67,"minecraft:time_since_rest":4751,"minecraft:interact_with_furnace":1,"minecraft:crouch_one_cm":830,"lootr:looted_stat":18,"minecraft:sprint_one_cm":39654,"minecraft:play_time":9229,"minecraft:time_since_death":9229,"minecraft:walk_one_cm":22662,"minecraft:sleep_in_bed":1,"minecraft:sneak_time":260,"minecraft:total_world_time":9229,"minecraft:hex":0,"minecraft:interact_with_crafting_table":1,"minecraft:fall_one_cm":1904,"minecraft:fly_one_cm":21685}},"DataVersion":3465}